,Run ID,Dimension,Epsilon,AUC of ROC,Train Time,Test Time
0,0.0,7.0,0.01,0.6911764705882352,0.0615404612982451,0.015220221351174748
